user1,user2
UDZNG4FL7,UB1ATRBQV
U15CJU8U8,U93GXHPA7
UCC28R0GL,UB1ATRBQV
UC7JZG36C,UB1ATRBQV
U1NHMP16K,UB1ATRBQV
U9558TLMQ,UB1ATRBQV
U96EX75RN,UB1ATRBQV
UB8LF3N67,UB1ATRBQV
UGMLZNLD9,UB1ATRBQV
UGMLZNLD9,UB1ATRBQV
U96N34SLV,UB1ATRBQV
U9743VA3W,UB1ATRBQV
U95G5911R,UB1ATRBQV
UEGB506PJ,UB1ATRBQV
UHJ705C87,UB1ATRBQV
UGLGS3TQS,UB1ATRBQV
UDZNG4FL7,UB1ATRBQV
U2NAF0TEV,U0AA4Q8LS
U1JDCJE31,U0AA4Q8LS
UH8051QS3,U0AA4Q8LS
UHJ705C87,U0AA4Q8LS
UCC28R0GL,U0AA4Q8LS
UGLGS3TQS,U0AA4Q8LS
U9558TLMQ,U0AA4Q8LS
UC7JZG36C,U0AA4Q8LS
U1NHMP16K,U0AA4Q8LS
UB1ATRBQV,U0AA4Q8LS
UDZNG4FL7,U0AA4Q8LS
UB29NHSKH,U0AA4Q8LS
U15CJU8U8,U95512YE6
U94E0CKC4,U95512YE6
UB29NHSKH,U0AA4Q8LS
UEMHXN465,U0AA4Q8LS
U95512YE6,U0AA4Q8LS
U93GXHPA7,U2NAF0TEV
UEGB506PJ,U2NAF0TEV
UGMT8LWQ2,U2NAF0TEV
U938Y4H1P,UHJ705C87
U0Z2D5GGY,U9NFAUFU0
UF6B430KG,U9NFAUFU0
U94J27HB3,UEGB506PJ
UD7947N7M,U938Y4H1P
UH8051QS3,U2NAF0TEV
UGTD7K988,UDZNG4FL7
U1JDCJE31,U0AA4Q8LS
UEGB506PJ,U9743VA3W
UC7JZG36C,U0AA4Q8LS
UCC28R0GL,U0AA4Q8LS
UEGB506PJ,UGLGS3TQS
UHJ705C87,UGLGS3TQS
UB1ATRBQV,UGLGS3TQS
UC7JZG36C,UGLGS3TQS
UCC28R0GL,UGLGS3TQS
UDZNG4FL7,UGLGS3TQS
U2NAF0TEV,UGLGS3TQS
UEGB506PJ,UGLGS3TQS
UHJ705C87,UGLGS3TQS
UB1ATRBQV,UGLGS3TQS
UDZNG4FL7,UGLGS3TQS
U2NAF0TEV,UGLGS3TQS
UCC28R0GL,UGLGS3TQS
UC7JZG36C,UGLGS3TQS
U1NHMP16K,U938Y4H1P
UGMT8LWQ2,U0AA4Q8LS
U94J27HB3,UB1ATRBQV
U4365G4AU,U0Z2D5GGY
U95512YE6,U15CJU8U8
UABFDCBA4,U15CJU8U8
UA9QGGZU5,U15CJU8U8
UF6B430KG,U15CJU8U8
UHAUF3NN4,U9NFAUFU0
UAN783ZJ6,U9NFAUFU0
U966AN0JD,U9NFAUFU0
UB8L6ANL9,UCC28R0GL
UC7JZG36C,UCC28R0GL
UGLGS3TQS,UCC28R0GL
UGMT8LWQ2,U938Y4H1P
UCC28R0GL,U938Y4H1P
UGMLZNLD9,UFFUD4TSB
UHAUF3NN4,U966AN0JD
UF6B430KG,U938Y4H1P
UB8L6ANL9,UHJ705C87
UHAUF3NN4,U938Y4H1P
U966AN0JD,U938Y4H1P
UCC28R0GL,U9LPTQL4T
UBM7N6HGF,UG4QL2SQL
UGLGS3TQS,U94J27HB3
UB29NHSKH,U938Y4H1P
UDZNG4FL7,UB1ATRBQV
UB1ATRBQV,U0AA4Q8LS
UDZNG4FL7,U0AA4Q8LS
UHJ705C87,U0AA4Q8LS
UGLGS3TQS,U0AA4Q8LS
UDXUSCGE4,U94E0CKC4
UAN783ZJ6,U9NFAUFU0
UGLGS3TQS,UHJ705C87
U1JDCJE31,U0AA4Q8LS
U2NAF0TEV,U0AA4Q8LS
UCC28R0GL,U0AA4Q8LS
U938Y4H1P,U0AA4Q8LS
UH8051QS3,U0AA4Q8LS
UBEB4651V,U0AA4Q8LS
U9LPTQL4T,U0AA4Q8LS
UEGB506PJ,U0AA4Q8LS
UGMT8LWQ2,U0AA4Q8LS
UB29NHSKH,U0AA4Q8LS
UC7JZG36C,U0AA4Q8LS
UGTD7K988,U0AA4Q8LS
U9558TLMQ,U0AA4Q8LS
U966AN0JD,U9NFAUFU0
UHAUF3NN4,U9NFAUFU0
U15CJU8U8,U2NAF0TEV
UHAUF3NN4,U9LPTQL4T
U1NHMP16K,UHJ705C87
UEGB506PJ,UHJ705C87
U9LPTQL4T,UHJ705C87
U2NAF0TEV,UB8L6ANL9
U15CJU8U8,U95512YE6
UH8051QS3,UBEB4651V
UHJ705C87,UB1ATRBQV
UDZNG4FL7,UB1ATRBQV
UGLGS3TQS,UB1ATRBQV
UEGB506PJ,UCC28R0GL
U9LPTQL4T,UCC28R0GL
UGTD7K988,UCC28R0GL
U9558TLMQ,UCC28R0GL
U0AA4Q8LS,UCC28R0GL
U938Y4H1P,UCC28R0GL
UB29NHSKH,UCC28R0GL
UC7JZG36C,UCC28R0GL
UGMT8LWQ2,U0AA4Q8LS
U9LPTQL4T,U0AA4Q8LS
U1JDCJE31,U0AA4Q8LS
UH8051QS3,U0AA4Q8LS
U2NAF0TEV,U0AA4Q8LS
U938Y4H1P,U0AA4Q8LS
UCC28R0GL,U0AA4Q8LS
UB29NHSKH,U0AA4Q8LS
UEMHXN465,UABFDCBA4
U4DBNDVAL,U938Y4H1P
U2KQRJM6V,U938Y4H1P
UDCQT5MA8,U938Y4H1P
U96EX75RN,U938Y4H1P
U96MUUQCW,U938Y4H1P
U2Q6RKFQR,U938Y4H1P
U96J96UJY,U938Y4H1P
UB8L6ANL9,U938Y4H1P
UB8L6ANL9,UCC28R0GL
U96MUUQCW,UCC28R0GL
UAH3NDMEZ,UCC28R0GL
U9743VA3W,UCC28R0GL
U0AA4Q8LS,U1JDCJE31
U1NHMP16K,U0AA4Q8LS
U0AA4Q8LS,U94J27HB3
UEMHXN465,U0AA4Q8LS
UGMT8LWQ2,U0AA4Q8LS
U938Y4H1P,U15CJU8U8
UEGB506PJ,UFR6Y59RT
U9LPTQL4T,UFR6Y59RT
UB8L6ANL9,UB1ATRBQV
UGMT8LWQ2,U2NAF0TEV
UH8051QS3,U2NAF0TEV
UDZNG4FL7,U0AA4Q8LS
UEGB506PJ,UHJ705C87
UCC28R0GL,UHJ705C87
UC7JZG36C,UHJ705C87
UA9QGGZU5,U15CJU8U8
UEAD87GH3,U15CJU8U8
U4365G4AU,U15CJU8U8
UFFUD4TSB,U15CJU8U8
UABFDCBA4,UB8L6ANL9
U9NBSUS21,U938Y4H1P
U966AN0JD,U0Z2D5GGY
UAN783ZJ6,U0Z2D5GGY
U9NFAUFU0,U0Z2D5GGY
U938Y4H1P,U0Z2D5GGY
UHAUF3NN4,UF6B430KG
U0Z2D5GGY,U0AB2JQFK
UF6B430KG,U0AB2JQFK
UBM7N6HGF,U0AB2JQFK
UH8051QS3,U0AA4Q8LS
U0Z2D5GGY,U966AN0JD
U2Q6RKFQR,UB1ATRBQV
UHJ705C87,UB1ATRBQV
UGLGS3TQS,UB1ATRBQV
UCC28R0GL,UB1ATRBQV
UC7JZG36C,UB1ATRBQV
U96EX75RN,UB1ATRBQV
UDZNG4FL7,UB1ATRBQV
U1JDCJE31,U0AA4Q8LS
UBEB4651V,U0AA4Q8LS
UEGB506PJ,U0AA4Q8LS
UFR6Y59RT,U94J27HB3
U95512YE6,U2NAF0TEV
UGMT8LWQ2,U2NAF0TEV
UCC28R0GL,U0AA4Q8LS
UB29NHSKH,U0AA4Q8LS
UABFDCBA4,UEMHXN465
UA9QGGZU5,UEMHXN465
U95512YE6,U15CJU8U8
U94E0CKC4,U15CJU8U8
UEGB506PJ,U938Y4H1P
UEGB506PJ,U9LPTQL4T
U94J27HB3,U9LPTQL4T
UCC28R0GL,U9LPTQL4T
UAH3NDMEZ,U9LPTQL4T
UA9QGGZU5,U9LPTQL4T
UABFDCBA4,U9LPTQL4T
U96MUUQCW,U9LPTQL4T
U95G5911R,U9LPTQL4T
UB8LF3N67,U9LPTQL4T
U93GXHPA7,U9LPTQL4T
UGMLZNLD9,U9LPTQL4T
UGMT8LWQ2,U9LPTQL4T
U966AN0JD,U0AA4Q8LS
U4365G4AU,U0AA4Q8LS
U2NAF0TEV,U0AA4Q8LS
U1JDCJE31,U0AA4Q8LS
U9558TLMQ,U0AA4Q8LS
U15CJU8U8,U0AA4Q8LS
U938Y4H1P,U0AA4Q8LS
U0AB2JQFK,U0AA4Q8LS
UB29NHSKH,U0AA4Q8LS
UB8LF3N67,U0AA4Q8LS
UF6B430KG,U0AA4Q8LS
U0Z2D5GGY,U0AA4Q8LS
UGMT8LWQ2,U0AA4Q8LS
U96MUUQCW,U0AA4Q8LS
UDXUSCGE4,U0AA4Q8LS
UDZNG4FL7,U0AA4Q8LS
UB8L6ANL9,U0AA4Q8LS
UDD5A13CJ,U0AA4Q8LS
U4DBNDVAL,U0AA4Q8LS
UDCQT5MA8,U0AA4Q8LS
U0AB2JQFK,U2NAF0TEV
U938Y4H1P,U2NAF0TEV
UEGB506PJ,UDZNG4FL7
UGTD7K988,UDZNG4FL7
UAN783ZJ6,UHAUF3NN4
UHAUF3NN4,UAN783ZJ6
UEGB506PJ,UF9TRDAGP
UEGB506PJ,U9LPTQL4T
U1NHMP16K,U94J27HB3
U15CJU8U8,U94J27HB3
UFR6Y59RT,U94J27HB3
U9LPTQL4T,U9558TLMQ
UEGB506PJ,UF9TRDAGP
UDD5A13CJ,U96J96UJY
U95512YE6,U96J96UJY
U96MUUQCW,U96J96UJY
UDCQT5MA8,U96J96UJY
UEAD87GH3,U96J96UJY
U95G5911R,U96J96UJY
UBM7N6HGF,UC7JZG36C
U4DBNDVAL,UC7JZG36C
UEAD87GH3,UC7JZG36C
UB8LF3N67,UC7JZG36C
UF6B430KG,UC7JZG36C
U95G5911R,UC7JZG36C
UC7JZG36C,UDZNG4FL7
UCC28R0GL,UDZNG4FL7
U96EX75RN,UDZNG4FL7
UB1ATRBQV,UDZNG4FL7
U1NHMP16K,UB29NHSKH
U2NAF0TEV,UB29NHSKH
U938Y4H1P,UB29NHSKH
U9558TLMQ,UB29NHSKH
U4DBNDVAL,UAN783ZJ6
U2NAF0TEV,UAN783ZJ6
U938Y4H1P,UAN783ZJ6
U95512YE6,UAN783ZJ6
UBM7N6HGF,UAN783ZJ6
UF6B430KG,UAN783ZJ6
UGLGS3TQS,UB1ATRBQV
UG4QL2SQL,UB29NHSKH
UDZNG4FL7,UBEB4651V
U96EX75RN,UABFDCBA4
U96N34SLV,UABFDCBA4
UA9QGGZU5,UABFDCBA4
UAH3NDMEZ,UABFDCBA4
UAN783ZJ6,U938Y4H1P
UDCQT5MA8,UABFDCBA4
UEAD87GH3,UABFDCBA4
U2NAF0TEV,UABFDCBA4
U0AA4Q8LS,UABFDCBA4
U2Q6RKFQR,UABFDCBA4
UB8LF3N67,UABFDCBA4
U95512YE6,UABFDCBA4
UGMT8LWQ2,UABFDCBA4
UC7JZG36C,UABFDCBA4
U1NHMP16K,UABFDCBA4
UD7947N7M,UABFDCBA4
UFR6Y59RT,UABFDCBA4
UF6B430KG,UABFDCBA4
U938Y4H1P,UABFDCBA4
U9558TLMQ,UABFDCBA4
UEJRBKFMH,UABFDCBA4
UEGB506PJ,UABFDCBA4
UC1QPKJRF,U0AA4Q8LS
UEGB506PJ,U0AA4Q8LS
UAH3NDMEZ,UB8LF3N67
UF6B430KG,UB8LF3N67
UEAD87GH3,UB8LF3N67
UGMT8LWQ2,U0AA4Q8LS
U9558TLMQ,UB1ATRBQV
UG4QL2SQL,U938Y4H1P
U2NAF0TEV,U9558TLMQ
UAH3NDMEZ,U9LPTQL4T
UABFDCBA4,U9LPTQL4T
UDCQT5MA8,U9LPTQL4T
U0AB2JQFK,U9LPTQL4T
U94E0CKC4,U9LPTQL4T
U95G5911R,U9LPTQL4T
UCC28R0GL,U938Y4H1P
U0AB2JQFK,U93GXHPA7
U95G5911R,U93GXHPA7
U95512YE6,U93GXHPA7
UDCQT5MA8,U93GXHPA7
UEAD87GH3,U93GXHPA7
UDD5A13CJ,U93GXHPA7
U96MUUQCW,U93GXHPA7
U96J96UJY,U93GXHPA7
U2NAF0TEV,U93GXHPA7
U1JDCJE31,U93GXHPA7
U96J96UJY,U93GXHPA7
UDCQT5MA8,U15CJU8U8
UEGB506PJ,U96J96UJY
U9LPTQL4T,U96J96UJY
U2NAF0TEV,U96J96UJY
UABFDCBA4,UG4QL2SQL
UEAD87GH3,UG4QL2SQL
UD7947N7M,UG4QL2SQL
UEMHXN465,UG4QL2SQL
U938Y4H1P,U0AA4Q8LS
U1JDCJE31,U0AA4Q8LS
U2NAF0TEV,U0AA4Q8LS
U9LPTQL4T,U0AA4Q8LS
UGMT8LWQ2,U0AA4Q8LS
UBEB4651V,U0AA4Q8LS
U2Q6RKFQR,U0AA4Q8LS
UCC28R0GL,U0AA4Q8LS
UEGB506PJ,U0AA4Q8LS
UABFDCBA4,U94E0CKC4
U96EX75RN,UDZNG4FL7
UB8LF3N67,UDZNG4FL7
U0AA4Q8LS,U938Y4H1P
U1JDCJE31,U938Y4H1P
U2NAF0TEV,U938Y4H1P
U0AB2JQFK,U15CJU8U8
UDD5A13CJ,U96J96UJY
UDXUSCGE4,U9743VA3W
UF47EQSL9,U9743VA3W
U96J96UJY,U95512YE6
UDD5A13CJ,U95512YE6
U966AN0JD,U9NFAUFU0
U1JDCJE31,U0AA4Q8LS
U95512YE6,U94J27HB3
U938Y4H1P,U0AB2JQFK
U2NAF0TEV,U96J96UJY
U1JDCJE31,U0AA4Q8LS
UBEB4651V,U0AA4Q8LS
U9LPTQL4T,U0AA4Q8LS
UEGB506PJ,U0AA4Q8LS
U2NAF0TEV,U0AA4Q8LS
U96EX75RN,U2Q6RKFQR
U94E0CKC4,U15CJU8U8
U0AA4Q8LS,UABFDCBA4
UFP2SC03D,U9LPTQL4T
UEGB506PJ,UB1ATRBQV
UCC28R0GL,U0AA4Q8LS
U9LPTQL4T,U0AA4Q8LS
U4365G4AU,UCC28R0GL
U95G5911R,UCC28R0GL
UBM7N6HGF,UCC28R0GL
UDCQT5MA8,UCC28R0GL
UG4QL2SQL,UCC28R0GL
U1NHMP16K,UCC28R0GL
UC7JZG36C,UCC28R0GL
U1NHMP16K,UCC28R0GL
UDZNG4FL7,UB1ATRBQV
UC7JZG36C,UB1ATRBQV
U94J27HB3,U95512YE6
U966AN0JD,U9NFAUFU0
U94J27HB3,U15CJU8U8
U94J27HB3,UA9QGGZU5
UABFDCBA4,U0Z2D5GGY
UEGB506PJ,U1JDCJE31
U9LPTQL4T,U1JDCJE31
U9LPTQL4T,UEGB506PJ
U9743VA3W,UF47EQSL9
UC1QPKJRF,UB1ATRBQV
UG4QL2SQL,U966AN0JD
U0Z2D5GGY,U966AN0JD
U15CJU8U8,UB8LF3N67
U94E0CKC4,UBEB4651V
U1NHMP16K,UC1QPKJRF
U0AA4Q8LS,UEGB506PJ
UEGB506PJ,U95G5911R
UDCQT5MA8,U15CJU8U8
U4365G4AU,UDD5A13CJ
UCC28R0GL,U4H8SC4GH
U0Z2D5GGY,U4H8SC4GH
UAH3NDMEZ,U4H8SC4GH
U4365G4AU,U4H8SC4GH
UC7JZG36C,U4H8SC4GH
U0AB2JQFK,U4H8SC4GH
U2Q6RKFQR,U4H8SC4GH
U96MUUQCW,U4H8SC4GH
U96EX75RN,U4H8SC4GH
U95G5911R,U4H8SC4GH
UABFDCBA4,U4H8SC4GH
U2KQRJM6V,U4H8SC4GH
U9558TLMQ,U4H8SC4GH
U1JDCJE31,U93GXHPA7
UAH3NDMEZ,UAN783ZJ6
U0Z2D5GGY,UAN783ZJ6
U9NFAUFU0,U938Y4H1P
UDXUSCGE4,UF47EQSL9
U9743VA3W,UF47EQSL9
U94J27HB3,U95512YE6
U2NAF0TEV,U95512YE6
U1JDCJE31,U95512YE6
UB29NHSKH,U95512YE6
U15CJU8U8,U95512YE6
U95G5911R,U95512YE6
UFR6Y59RT,UEGB506PJ
U4DBNDVAL,U15CJU8U8
U94J27HB3,U95512YE6
U96MUUQCW,U96J96UJY
UC7JZG36C,UDZNG4FL7
UCC28R0GL,UDZNG4FL7
U4H8SC4GH,UDZNG4FL7
U96EX75RN,UDZNG4FL7
UB1ATRBQV,UDZNG4FL7
UEJRBKFMH,UEGB506PJ
UB29NHSKH,UF9TRDAGP
U2NAF0TEV,U94J27HB3
U0AA4Q8LS,U94J27HB3
U938Y4H1P,U94J27HB3
U1JDCJE31,U94J27HB3
UB29NHSKH,U94J27HB3
UBM7N6HGF,U94J27HB3
U4365G4AU,U1NHMP16K
U95G5911R,U1NHMP16K
U94E0CKC4,U1NHMP16K
U95512YE6,U1NHMP16K
U9LPTQL4T,U966AN0JD
UFP2SC03D,U966AN0JD
U95512YE6,U938Y4H1P
UBM7N6HGF,UF47EQSL9
UBM7N6HGF,U95512YE6
U2NAF0TEV,UC7JZG36C
U94E0CKC4,UC7JZG36C
U0AB2JQFK,UC7JZG36C
U9558TLMQ,UC7JZG36C
U4DBNDVAL,UEGB506PJ
U9LPTQL4T,U0AA4Q8LS
UCC28R0GL,U0AA4Q8LS
U938Y4H1P,U0AA4Q8LS
U95512YE6,U0AA4Q8LS
U2KQRJM6V,U0AA4Q8LS
UB8L6ANL9,U0AA4Q8LS
UAN783ZJ6,U966AN0JD
U9NFAUFU0,U966AN0JD
UFP2SC03D,U966AN0JD
UAH3NDMEZ,U9NFAUFU0
UAN783ZJ6,U938Y4H1P
U95G5911R,U4365G4AU
U4365G4AU,UABFDCBA4
U2NAF0TEV,UB1ATRBQV
UBA7A3ZK7,UB1ATRBQV
U0AA4Q8LS,UB1ATRBQV
U938Y4H1P,UB1ATRBQV
UCC28R0GL,UB1ATRBQV
UC7JZG36C,UB1ATRBQV
U4H8SC4GH,UB1ATRBQV
U96EX75RN,UB1ATRBQV
UDZNG4FL7,UB1ATRBQV
U95G5911R,U96J96UJY
U95512YE6,U96J96UJY
UEJRBKFMH,UF6B430KG
UB29NHSKH,UC1QPKJRF
UCC28R0GL,UC1QPKJRF
U9LPTQL4T,UC1QPKJRF
UC7JZG36C,UC1QPKJRF
U9558TLMQ,UDZNG4FL7
UEGB506PJ,U95512YE6
U9LPTQL4T,U95512YE6
UEGB506PJ,U0AA4Q8LS
UEGB506PJ,UBEB4651V
U2NAF0TEV,U0AA4Q8LS
U4H8SC4GH,U95512YE6
U95G5911R,U95512YE6
U4H8SC4GH,U0Z2D5GGY
U95G5911R,U0Z2D5GGY
U95G5911R,UDD5A13CJ
UC1QPKJRF,U95512YE6
UAN783ZJ6,U9NFAUFU0
U9NFAUFU0,UBEB4651V
U966AN0JD,UBEB4651V
UEGB506PJ,U1NHMP16K
UC7JZG36C,U1NHMP16K
U0Z2D5GGY,U4H8SC4GH
UCC28R0GL,UDZNG4FL7
UC7JZG36C,UDZNG4FL7
U4H8SC4GH,UDZNG4FL7
U96EX75RN,UDZNG4FL7
U96MUUQCW,U96J96UJY
U95G5911R,U96J96UJY
UD7947N7M,UEMHXN465
UEAD87GH3,UEMHXN465
U4H8SC4GH,U0Z2D5GGY
U95512YE6,UB8L6ANL9
U94J27HB3,UB8L6ANL9
U95512YE6,UC1QPKJRF
U94J27HB3,UC1QPKJRF
U15CJU8U8,UC1QPKJRF
U15CJU8U8,UABFDCBA4
U94E0CKC4,U15CJU8U8
U0AB2JQFK,U0AA4Q8LS
U9NFAUFU0,U966AN0JD
U0AB2JQFK,UEMHXN465
U4365G4AU,UEMHXN465
U0AB2JQFK,U938Y4H1P
U0AA4Q8LS,U938Y4H1P
U15CJU8U8,U94J27HB3
UEGB506PJ,UD7947N7M
U15CJU8U8,U95512YE6
U15CJU8U8,U95512YE6
U94J27HB3,U95512YE6
U94J27HB3,UCC28R0GL
U95512YE6,UCC28R0GL
UC7JZG36C,UCC28R0GL
UDZNG4FL7,UCC28R0GL
UB29NHSKH,UCC28R0GL
U0AA4Q8LS,U1JDCJE31
U966AN0JD,U938Y4H1P
U9NFAUFU0,U938Y4H1P
U0Z2D5GGY,U938Y4H1P
UF9TRDAGP,U938Y4H1P
UEGB506PJ,U9LPTQL4T
UAH3NDMEZ,U9LPTQL4T
UABFDCBA4,U9LPTQL4T
UF6B430KG,U9LPTQL4T
UF47EQSL9,U9LPTQL4T
U9743VA3W,U9LPTQL4T
UEJRBKFMH,U9LPTQL4T
UB8LF3N67,U9LPTQL4T
UB1ATRBQV,U9LPTQL4T
U96N34SLV,U9LPTQL4T
UD7947N7M,U9LPTQL4T
UDD5A13CJ,U9LPTQL4T
U2KQRJM6V,U9LPTQL4T
U4H8SC4GH,U9LPTQL4T
U4DBNDVAL,U9LPTQL4T
U2NAF0TEV,U0AA4Q8LS
UEGB506PJ,U95512YE6
U96J96UJY,U95512YE6
U94E0CKC4,U2NAF0TEV
U95512YE6,U2NAF0TEV
U96N34SLV,U2NAF0TEV
UABFDCBA4,U2NAF0TEV
U95G5911R,U2NAF0TEV
UDD5A13CJ,U2NAF0TEV
UA9QGGZU5,U2NAF0TEV
U9558TLMQ,U15CJU8U8
U95512YE6,UCC28R0GL
U9558TLMQ,U9NFAUFU0
U95512YE6,U15CJU8U8
U2NAF0TEV,U15CJU8U8
UBM7N6HGF,U94J27HB3
U2NAF0TEV,U94J27HB3
U2NAF0TEV,U1JDCJE31
UBEB4651V,U1JDCJE31
U2NAF0TEV,U0AA4Q8LS
UB1ATRBQV,U0AA4Q8LS
U0AB2JQFK,U15CJU8U8
U0AB2JQFK,U95512YE6
UABFDCBA4,U94J27HB3
U2NAF0TEV,U938Y4H1P
U966AN0JD,U938Y4H1P
U95512YE6,UEGB506PJ
UC1QPKJRF,UEGB506PJ
U0AB2JQFK,UEGB506PJ
U95G5911R,UEGB506PJ
U966AN0JD,U938Y4H1P
UAN783ZJ6,U938Y4H1P
UEGB506PJ,UBEB4651V
U9LPTQL4T,UBEB4651V
UB29NHSKH,U1NHMP16K
U95G5911R,U1NHMP16K
U1NHMP16K,U93GXHPA7
UC7JZG36C,UCC28R0GL
U1NHMP16K,UCC28R0GL
U15CJU8U8,UCC28R0GL
U94J27HB3,UCC28R0GL
U94E0CKC4,UCC28R0GL
U95512YE6,UCC28R0GL
UD7947N7M,UB29NHSKH
UB0SVMJ8K,UB29NHSKH
UCC28R0GL,UB29NHSKH
UEAD87GH3,UB29NHSKH
UDCQT5MA8,UB29NHSKH
UDZNG4FL7,UB29NHSKH
UB1ATRBQV,UB29NHSKH
U93GXHPA7,U1JDCJE31
U9558TLMQ,UB29NHSKH
UAH3NDMEZ,U1JDCJE31
U1NHMP16K,U938Y4H1P
UAH3NDMEZ,UDZNG4FL7
UABFDCBA4,UDZNG4FL7
U95512YE6,UDZNG4FL7
U94E0CKC4,UDZNG4FL7
UBM7N6HGF,UDZNG4FL7
UC7JZG36C,UCC28R0GL
U1NHMP16K,UCC28R0GL
U2NAF0TEV,U938Y4H1P
U1NHMP16K,UB29NHSKH
UCC28R0GL,UB29NHSKH
UDXUSCGE4,UB29NHSKH
U96J96UJY,UB29NHSKH
U95G5911R,U9LPTQL4T
U4H8SC4GH,U9LPTQL4T
UA9QGGZU5,U9LPTQL4T
UDXUSCGE4,U9LPTQL4T
U1NHMP16K,U9558TLMQ
U15CJU8U8,U94J27HB3
U94E0CKC4,U94J27HB3
U95512YE6,U94J27HB3
U95HEFZV5,U96J96UJY
U95G5911R,U4DBNDVAL
U4H8SC4GH,U4DBNDVAL
U1JDCJE31,U0AA4Q8LS
U0Z2D5GGY,UB1ATRBQV
U966AN0JD,UB1ATRBQV
U9NBSUS21,UB1ATRBQV
UAN783ZJ6,UB1ATRBQV
U9NFAUFU0,UB1ATRBQV
U938Y4H1P,U9LPTQL4T
U94E0CKC4,U9LPTQL4T
U95G5911R,U9LPTQL4T
U4DBNDVAL,U9LPTQL4T
U95HEFZV5,U9LPTQL4T
UB8L6ANL9,U9LPTQL4T
UEGB506PJ,U9LPTQL4T
UC7JZG36C,U9LPTQL4T
U2Q6RKFQR,U9LPTQL4T
UABFDCBA4,U9LPTQL4T
UAH3NDMEZ,U9LPTQL4T
UA9QGGZU5,U9LPTQL4T
U93GXHPA7,U9LPTQL4T
UEGB506PJ,U15CJU8U8
U938Y4H1P,U0AA4Q8LS
UB0SVMJ8K,UDZNG4FL7
UB1ATRBQV,UDZNG4FL7
U1NHMP16K,UDZNG4FL7
UCC28R0GL,UDZNG4FL7
U2KQRJM6V,UDZNG4FL7
U94J27HB3,U15CJU8U8
U95512YE6,U15CJU8U8
U94J27HB3,U938Y4H1P
U0AB2JQFK,U938Y4H1P
U2NAF0TEV,U938Y4H1P
U0AA4Q8LS,U938Y4H1P
U4DBNDVAL,U938Y4H1P
UB29NHSKH,U938Y4H1P
U9558TLMQ,U938Y4H1P
UEGB506PJ,U938Y4H1P
UD7947N7M,U95512YE6
UBM7N6HGF,U1NHMP16K
UB8LF3N67,U1NHMP16K
U95HEFZV5,U1NHMP16K
U96MUUQCW,U1NHMP16K
UB1ATRBQV,U938Y4H1P
U96MUUQCW,U4365G4AU
UB8LF3N67,U4365G4AU
UD7947N7M,U4365G4AU
UDCQT5MA8,U4365G4AU
U96J96UJY,U4365G4AU
U95HEFZV5,U4365G4AU
U1JDCJE31,U0AA4Q8LS
UABFDCBA4,U0AB2JQFK
U96EX75RN,U0AB2JQFK
U4HAFJGRX,U0AB2JQFK
U1NHMP16K,U0AB2JQFK
U9NFAUFU0,UBQ2YM5BR
U4H8SC4GH,UABFDCBA4
U95512YE6,U15CJU8U8
U2NAF0TEV,U1NHMP16K
U94E0CKC4,U1NHMP16K
U0AB2JQFK,U1NHMP16K
U966AN0JD,U9NFAUFU0
UAN783ZJ6,U9NFAUFU0
UBQ2YM5BR,U9NFAUFU0
UAN783ZJ6,U966AN0JD
UBQ2YM5BR,U966AN0JD
U9NFAUFU0,U966AN0JD
UB0SVMJ8K,UDZNG4FL7
U93GXHPA7,U96J96UJY
U2KQRJM6V,UBQ2YM5BR
UBM7N6HGF,UBQ2YM5BR
U95HEFZV5,UBQ2YM5BR
UABFDCBA4,U2NAF0TEV
UBQ2YM5BR,U9NFAUFU0
U95512YE6,U15CJU8U8
U94J27HB3,U95512YE6
U94E0CKC4,U95512YE6
U15CJU8U8,U95512YE6
U2KQRJM6V,U95512YE6
U96EX75RN,U95512YE6
U2Q6RKFQR,U95512YE6
U95G5911R,U95512YE6
U95HEFZV5,U95512YE6
UABFDCBA4,U95512YE6
UB8LF3N67,U95512YE6
UBM7N6HGF,U95512YE6
UB0SVMJ8K,UB1ATRBQV
UB1ATRBQV,U2NAF0TEV
UB0SVMJ8K,U0AA4Q8LS
U1JDCJE31,U0AA4Q8LS
U0Z2D5GGY,U0AA4Q8LS
U2Q6RKFQR,U9NFAUFU0
UAKDKHSA3,U9NFAUFU0
UBM7N6HGF,U93GXHPA7
UB0SVMJ8K,U2NAF0TEV
UCC28R0GL,U2NAF0TEV
UB1ATRBQV,U2NAF0TEV
UDZNG4FL7,U2NAF0TEV
U938Y4H1P,U9NFAUFU0
UB29NHSKH,U9NFAUFU0
UBEB4651V,U0AA4Q8LS
U1JDCJE31,U0AA4Q8LS
U4HAFJGRX,UB1ATRBQV
UB1ATRBQV,U4HAFJGRX
U2Q6RKFQR,U0AA4Q8LS
U0AB2JQFK,U93GXHPA7
U95G5911R,U93GXHPA7
U93GXHPA7,U2NAF0TEV
U95HEFZV5,U96J96UJY
U96J96UJY,U93GXHPA7
UBM7N6HGF,U93GXHPA7
UDCQT5MA8,U93GXHPA7
U966AN0JD,U1JDCJE31
U15CJU8U8,U95512YE6
UC1QPKJRF,U2NAF0TEV
U0AB2JQFK,U2NAF0TEV
U4HAFJGRX,U2NAF0TEV
U1JDCJE31,U0AA4Q8LS
U2NAF0TEV,U96J96UJY
U93GXHPA7,UB29NHSKH
U9LPTQL4T,UB29NHSKH
U1JDCJE31,UB29NHSKH
UAH3NDMEZ,U9LPTQL4T
U96N34SLV,U9LPTQL4T
UB1ATRBQV,U9LPTQL4T
U1NHMP16K,U9LPTQL4T
U0AB2JQFK,UABFDCBA4
U95G5911R,UABFDCBA4
U95512YE6,U938Y4H1P
U2NAF0TEV,U1NHMP16K
U94E0CKC4,U1NHMP16K
U0AB2JQFK,U1NHMP16K
U2NAF0TEV,U95512YE6
U0AB2JQFK,U95512YE6
U94E0CKC4,U95512YE6
UB29NHSKH,U95512YE6
U1NHMP16K,U95512YE6
UC7JZG36C,U95512YE6
U0AA4Q8LS,U938Y4H1P
U0AB2JQFK,U2NAF0TEV
UB1ATRBQV,U2NAF0TEV
U93GXHPA7,U2NAF0TEV
UB29NHSKH,U938Y4H1P
U9LPTQL4T,U93GXHPA7
U2NAF0TEV,U93GXHPA7
UA9QGGZU5,U93GXHPA7
U1JDCJE31,U93GXHPA7
U4DBNDVAL,UDD5A13CJ
U1JDCJE31,U2NAF0TEV
UBEB4651V,U2NAF0TEV
UB0SVMJ8K,U2NAF0TEV
U9LPTQL4T,U2NAF0TEV
UB1ATRBQV,U2NAF0TEV
U9LPTQL4T,U2NAF0TEV
U93GXHPA7,U2NAF0TEV
UB0SVMJ8K,U9LPTQL4T
U93GXHPA7,U9LPTQL4T
UC7JZG36C,U1NHMP16K
UCC28R0GL,U1NHMP16K
UB29NHSKH,U1NHMP16K
U9NFAUFU0,U938Y4H1P
U0Z2D5GGY,U9NFAUFU0
U966AN0JD,U9NFAUFU0
U93GXHPA7,U9LPTQL4T
UBEB4651V,U4HAFJGRX
U9LPTQL4T,UB8L6ANL9
U9558TLMQ,U0AA4Q8LS
U9LPTQL4T,U95512YE6
U96J96UJY,UDD5A13CJ
UDCQT5MA8,UDD5A13CJ
UBEB4651V,U1JDCJE31
UB29NHSKH,U0AA4Q8LS
U15CJU8U8,U94E0CKC4
U95G5911R,U95512YE6
U1JDCJE31,U0AA4Q8LS
U0AB2JQFK,U0AA4Q8LS
U95G5911R,U4DBNDVAL
UCC28R0GL,UB1ATRBQV
UC7JZG36C,UB1ATRBQV
UB29NHSKH,UB1ATRBQV
UCC28R0GL,UB29NHSKH
U9558TLMQ,UB29NHSKH
U4DBNDVAL,U9558TLMQ
U2NAF0TEV,U95512YE6
U1JDCJE31,U0AA4Q8LS
U1JDCJE31,U2NAF0TEV
UB29NHSKH,U0AA4Q8LS
U9LPTQL4T,U93GXHPA7
U9LPTQL4T,U93GXHPA7
UB1ATRBQV,U93GXHPA7
UB8LF3N67,U93GXHPA7
U2Q6RKFQR,U93GXHPA7
UC7JZG36C,U93GXHPA7
UBQ2YM5BR,U9NFAUFU0
U966AN0JD,U9NFAUFU0
UAN783ZJ6,U9NFAUFU0
U96EX75RN,UB8LF3N67
U96J96UJY,UB8LF3N67
UBEB4651V,U1JDCJE31
U93GXHPA7,U1JDCJE31
U9LPTQL4T,U1JDCJE31
U9558TLMQ,U1JDCJE31
U9LPTQL4T,U93GXHPA7
UD7947N7M,U93GXHPA7
UB8LF3N67,U93GXHPA7
UA9QGGZU5,U93GXHPA7
UABFDCBA4,U93GXHPA7
U2KQRJM6V,U93GXHPA7
U93GXHPA7,UB1ATRBQV
U9LPTQL4T,UB1ATRBQV
UBQ2YM5BR,U9NFAUFU0
U4HAFJGRX,U96J96UJY
UBQ2YM5BR,U9NFAUFU0
UB1ATRBQV,U0AA4Q8LS
UB0SVMJ8K,U0AA4Q8LS
U0AB2JQFK,U94J27HB3
UB1ATRBQV,U94J27HB3
U1NHMP16K,U2NAF0TEV
UC7JZG36C,U2NAF0TEV
U96N34SLV,U95512YE6
UB1ATRBQV,U938Y4H1P
U9LPTQL4T,U938Y4H1P
U0AB2JQFK,U2NAF0TEV
U4365G4AU,U2NAF0TEV
U2KQRJM6V,U2NAF0TEV
U95G5911R,U2NAF0TEV
U1JDCJE31,U2NAF0TEV
U4365G4AU,U9558TLMQ
U9558TLMQ,U0AA4Q8LS
U4365G4AU,U0AA4Q8LS
U95G5911R,U93GXHPA7
U9LPTQL4T,U93GXHPA7
U962U594H,U96J96UJY
U4HAFJGRX,UCC28R0GL
U0AB2JQFK,UC1QPKJRF
UB29NHSKH,U0AA4Q8LS
U94J27HB3,U1NHMP16K
UB29NHSKH,U1NHMP16K
U95512YE6,U1NHMP16K
U2NAF0TEV,U1NHMP16K
UBBE338JE,U94E0CKC4
U93GXHPA7,UC1QPKJRF
U4DBNDVAL,U95512YE6
U95512YE6,U94J27HB3
U1JDCJE31,UB1ATRBQV
U1JDCJE31,UBEB4651V
U93GXHPA7,UBEB4651V
U9LPTQL4T,UBEB4651V
UCC28R0GL,UB1ATRBQV
U9LPTQL4T,U938Y4H1P
U9LPTQL4T,U15CJU8U8
UB0SVMJ8K,U2NAF0TEV
UB29NHSKH,UCC28R0GL
U1NHMP16K,UCC28R0GL
U2NAF0TEV,UCC28R0GL
UB1ATRBQV,UCC28R0GL
UC7JZG36C,UCC28R0GL
U93GXHPA7,U95512YE6
U96N34SLV,UABFDCBA4
UBM7N6HGF,UABFDCBA4
UA9QGGZU5,UABFDCBA4
U962U594H,UABFDCBA4
U96EX75RN,UABFDCBA4
UB0SVMJ8K,UABFDCBA4
U96J96UJY,UABFDCBA4
UB8LF3N67,UABFDCBA4
U4HAFJGRX,UABFDCBA4
U938Y4H1P,UABFDCBA4
U0Z2D5GGY,U938Y4H1P
U96MUUQCW,U938Y4H1P
U4H8SC4GH,U938Y4H1P
U93GXHPA7,UB1ATRBQV
U2Q6RKFQR,U9LPTQL4T
UABFDCBA4,U95512YE6
U94E0CKC4,U95512YE6
U93GXHPA7,U1JDCJE31
U1JDCJE31,UB1ATRBQV
U15CJU8U8,UB0SVMJ8K
UB0SVMJ8K,U2NAF0TEV
U15CJU8U8,U2NAF0TEV
U94J27HB3,U2NAF0TEV
U94E0CKC4,U2NAF0TEV
U95512YE6,U2NAF0TEV
UBM7N6HGF,U2NAF0TEV
U4365G4AU,U2NAF0TEV
U96EX75RN,U2NAF0TEV
UA9QGGZU5,U2NAF0TEV
U4HAFJGRX,U2NAF0TEV
UB8LF3N67,U2NAF0TEV
U4DBNDVAL,U2NAF0TEV
U2Q6RKFQR,U2NAF0TEV
U96N34SLV,U2NAF0TEV
U962U594H,U2NAF0TEV
U96J96UJY,U2NAF0TEV
UABFDCBA4,U2NAF0TEV
UB1ATRBQV,U2NAF0TEV
U9LPTQL4T,UCC28R0GL
UC1QPKJRF,U94J27HB3
U938Y4H1P,UB1ATRBQV
U0Z2D5GGY,UBQ2YM5BR
U938Y4H1P,UBQ2YM5BR
U966AN0JD,UBQ2YM5BR
UAN783ZJ6,UBQ2YM5BR
U9NFAUFU0,UBQ2YM5BR
U4DBNDVAL,U1JDCJE31
U0AA4Q8LS,U1JDCJE31
U938Y4H1P,U1JDCJE31
U9LPTQL4T,UB1ATRBQV
U2Q6RKFQR,UB1ATRBQV
U2NAF0TEV,UB1ATRBQV
U9LPTQL4T,U93GXHPA7
U2Q6RKFQR,U93GXHPA7
UB8L6ANL9,U938Y4H1P
UAN783ZJ6,U966AN0JD
UBQ2YM5BR,U966AN0JD
U2NAF0TEV,U93GXHPA7
UCC28R0GL,U0AA4Q8LS
UB29NHSKH,U0AA4Q8LS
U2NAF0TEV,UB0SVMJ8K
U0Z2D5GGY,U15CJU8U8
U0Z2D5GGY,U95512YE6
UBEB4651V,U0AA4Q8LS
U0Z2D5GGY,U94J27HB3
UBQ2YM5BR,U966AN0JD
U95512YE6,U93GXHPA7
UB8L6ANL9,U93GXHPA7
UC1QPKJRF,U93GXHPA7
UB0SVMJ8K,UABFDCBA4
UB29NHSKH,UB0SVMJ8K
UABFDCBA4,UB0SVMJ8K
U9558TLMQ,U2NAF0TEV
UB0SVMJ8K,UB1ATRBQV
U938Y4H1P,UC1QPKJRF
U95512YE6,U93GXHPA7
U2NAF0TEV,UB8L6ANL9
UB29NHSKH,U2NAF0TEV
UAXP0V344,U938Y4H1P
U966AN0JD,U938Y4H1P
UC1QPKJRF,U938Y4H1P
U0AA4Q8LS,U938Y4H1P
U15CJU8U8,U938Y4H1P
UB1ATRBQV,U938Y4H1P
UB29NHSKH,U938Y4H1P
U2NAF0TEV,U938Y4H1P
U4HAFJGRX,UC7JZG36C
UBBE338JE,UC7JZG36C
U962U594H,UC7JZG36C
UB8LF3N67,UC7JZG36C
UBX8Y00F5,UC7JZG36C
U1NHMP16K,UC7JZG36C
UCC28R0GL,UC7JZG36C
U0AB2JQFK,UB1ATRBQV
U938Y4H1P,U94J27HB3
UBEB4651V,U0AA4Q8LS
U1JDCJE31,U0AA4Q8LS
UBEB4651V,U1JDCJE31
U93GXHPA7,UBEB4651V
UB1ATRBQV,U1JDCJE31
U1JDCJE31,UB1ATRBQV
U4DBNDVAL,UB1ATRBQV
U2NAF0TEV,UB1ATRBQV
UCC28R0GL,UB1ATRBQV
UC7JZG36C,UB1ATRBQV
UC1QPKJRF,UB1ATRBQV
UB29NHSKH,UB1ATRBQV
U9558TLMQ,U2NAF0TEV
U95512YE6,U94J27HB3
U93GXHPA7,U95512YE6
UBEB4651V,U95512YE6
UB1ATRBQV,U0AA4Q8LS
U95512YE6,U15CJU8U8
UC1QPKJRF,U938Y4H1P
UA9QGGZU5,U93GXHPA7
UABFDCBA4,U93GXHPA7
UABFDCBA4,U94E0CKC4
U2KQRJM6V,UB1ATRBQV
UC1QPKJRF,UB1ATRBQV
U9LPTQL4T,UB1ATRBQV
UB0SVMJ8K,UB1ATRBQV
U9558TLMQ,UB1ATRBQV
UABFDCBA4,U93GXHPA7
U95G5911R,U93GXHPA7
U95G5911R,U95512YE6
U96EX75RN,U95512YE6
U96EX75RN,U94E0CKC4
U962U594H,U9558TLMQ
UABFDCBA4,U9558TLMQ
U95512YE6,U94J27HB3
U15CJU8U8,U95512YE6
U95HEFZV5,U1NHMP16K
U4HAFJGRX,U1NHMP16K
U9558TLMQ,U1NHMP16K
UC1QPKJRF,UB29NHSKH
U9558TLMQ,UB29NHSKH
U1NHMP16K,UB29NHSKH
U94E0CKC4,UB29NHSKH
U938Y4H1P,UB29NHSKH
U0AB2JQFK,UB29NHSKH
U96J96UJY,U1NHMP16K
U962U594H,U1NHMP16K
U96EX75RN,U95512YE6
U96N34SLV,U95512YE6
U95G5911R,U95512YE6
U93GXHPA7,U0AA4Q8LS
U1JDCJE31,UB1ATRBQV
UC1QPKJRF,UB1ATRBQV
U1NHMP16K,U0AA4Q8LS
U9558TLMQ,U0AA4Q8LS
UB29NHSKH,U0AA4Q8LS
U93GXHPA7,UC1QPKJRF
U94J27HB3,UC1QPKJRF
U94E0CKC4,UC1QPKJRF
U96EX75RN,UC1QPKJRF
U15CJU8U8,UC1QPKJRF
U2NAF0TEV,U93GXHPA7
U0AB2JQFK,U93GXHPA7
UBEB4651V,U93GXHPA7
UABFDCBA4,U1NHMP16K
U0AB2JQFK,U1NHMP16K
U4HAFJGRX,U94J27HB3
UB29NHSKH,U94J27HB3
U1JDCJE31,U94J27HB3
UB29NHSKH,U2NAF0TEV
UBM7N6HGF,U4HAFJGRX
U96N34SLV,U4HAFJGRX
U2Q6RKFQR,U2NAF0TEV
UBBE338JE,U93GXHPA7
UB1ATRBQV,U93GXHPA7
U0AB2JQFK,U93GXHPA7
U96N34SLV,U93GXHPA7
UBM7N6HGF,U93GXHPA7
U0AB2JQFK,U93GXHPA7
UBBE338JE,U93GXHPA7
U95G5911R,U93GXHPA7
U966AN0JD,U938Y4H1P
U9NFAUFU0,U938Y4H1P
UAN783ZJ6,U938Y4H1P
UBQ2YM5BR,U938Y4H1P
U9NBSUS21,U938Y4H1P
UB8L6ANL9,U938Y4H1P
U4365G4AU,U938Y4H1P
U9743VA3W,UB8LF3N67
U9LPTQL4T,U9558TLMQ
U1JDCJE31,U0AA4Q8LS
UBEB4651V,U0AA4Q8LS
UBA7A3ZK7,U0AA4Q8LS
U938Y4H1P,U0AA4Q8LS
U0AB2JQFK,U0AA4Q8LS
U2NAF0TEV,U0AA4Q8LS
U966AN0JD,U9NFAUFU0
U94J27HB3,U1NHMP16K
U95512YE6,U1NHMP16K
U96EX75RN,U1NHMP16K
U0AB2JQFK,U1NHMP16K
U1JDCJE31,U0AA4Q8LS
U9LPTQL4T,UB1ATRBQV
UBEB4651V,U1JDCJE31
U2NAF0TEV,UB1ATRBQV
UB8L6ANL9,U2NAF0TEV
UB8L6ANL9,U4DBNDVAL
U4H8SC4GH,U94E0CKC4
UABFDCBA4,U94E0CKC4
U1NHMP16K,UB29NHSKH
U9558TLMQ,UB29NHSKH
U1NHMP16K,U938Y4H1P
U9NFAUFU0,U966AN0JD
UA9QGGZU5,U1NHMP16K
U4H8SC4GH,U1NHMP16K
U9558TLMQ,U1NHMP16K
UB29NHSKH,U1NHMP16K
U938Y4H1P,U1NHMP16K
U94E0CKC4,U1NHMP16K
U0AB2JQFK,U1NHMP16K
UB0SVMJ8K,U2NAF0TEV
UB1ATRBQV,U2NAF0TEV
UB1ATRBQV,U2NAF0TEV
UB0SVMJ8K,U2NAF0TEV
UB29NHSKH,U2NAF0TEV
U0K8V3V9D,U966AN0JD
U4DBNDVAL,U95512YE6
U2NAF0TEV,UB0SVMJ8K
U95512YE6,UB0SVMJ8K
U15CJU8U8,UB0SVMJ8K
U0AB2JQFK,UB0SVMJ8K
U966AN0JD,U938Y4H1P
U93GXHPA7,U15CJU8U8
U94J27HB3,U95512YE6
U95512YE6,U93GXHPA7
UB0SVMJ8K,U2NAF0TEV
U9LPTQL4T,U0AA4Q8LS
U938Y4H1P,U9NFAUFU0
U1NHMP16K,UB1ATRBQV
U0AA4Q8LS,U2NAF0TEV
U0K8V3V9D,UB1ATRBQV
U9558TLMQ,UB1ATRBQV
UB29NHSKH,UB1ATRBQV
UB8L6ANL9,U0Z2D5GGY
U4365G4AU,U0Z2D5GGY
U2KQRJM6V,U0Z2D5GGY
U4H8SC4GH,U0Z2D5GGY
UB29NHSKH,U0Z2D5GGY
U2NAF0TEV,U0Z2D5GGY
U0AB2JQFK,U0Z2D5GGY
U9558TLMQ,U9NFAUFU0
U93GXHPA7,U2NAF0TEV
U0AB2JQFK,U2NAF0TEV
U0Z2D5GGY,U2NAF0TEV
U4HAFJGRX,U2NAF0TEV
U4365G4AU,U2NAF0TEV
U9743VA3W,U2NAF0TEV
U2KQRJM6V,U2NAF0TEV
U96MUUQCW,U2NAF0TEV
U94E0CKC4,U2NAF0TEV
U94J27HB3,U2NAF0TEV
U95512YE6,U2NAF0TEV
UB1ATRBQV,U2NAF0TEV
U9NBSUS21,U938Y4H1P
U9743VA3W,U4DBNDVAL
UB0SVMJ8K,U2NAF0TEV
U966AN0JD,U938Y4H1P
U9NFAUFU0,U938Y4H1P
U0AB2JQFK,UB1ATRBQV
U93GXHPA7,U2NAF0TEV
UB1ATRBQV,U0AA4Q8LS
UABFDCBA4,U0Z2D5GGY
U4365G4AU,U0Z2D5GGY
U9LPTQL4T,U0Z2D5GGY
UB0SVMJ8K,U0Z2D5GGY
UB1ATRBQV,UB29NHSKH
U1JDCJE31,UB29NHSKH
U94E0CKC4,U1NHMP16K
U2NAF0TEV,U1NHMP16K
U0AB2JQFK,U1NHMP16K
UB29NHSKH,U1NHMP16K
U9558TLMQ,U1NHMP16K
UB1ATRBQV,U2NAF0TEV
UB0SVMJ8K,U2NAF0TEV
U96J96UJY,U94J27HB3
U962U594H,U94J27HB3
U93GXHPA7,U2NAF0TEV
U0Z2D5GGY,U9LPTQL4T
U94J27HB3,U1JDCJE31
U4365G4AU,U94E0CKC4
U9LPTQL4T,U95512YE6
U9558TLMQ,U94J27HB3
U1NHMP16K,U94J27HB3
U0K8V3V9D,U94J27HB3
UB1ATRBQV,U2NAF0TEV
UB0SVMJ8K,U2NAF0TEV
U0K8V3V9D,U2NAF0TEV
UB29NHSKH,U2NAF0TEV
U96EX75RN,U94J27HB3
U96N34SLV,U94J27HB3
U96MUUQCW,U95512YE6
UAN783ZJ6,U938Y4H1P
UAH3NDMEZ,U15CJU8U8
U2Q6RKFQR,U15CJU8U8
U2Q6RKFQR,U15CJU8U8
U94E0CKC4,UAN783ZJ6
U95G5911R,U4DBNDVAL
UA9QGGZU5,U0Z2D5GGY
UABFDCBA4,U0Z2D5GGY
U966AN0JD,U938Y4H1P
U0Z2D5GGY,U938Y4H1P
UAN783ZJ6,U938Y4H1P
U0K8V3V9D,U2NAF0TEV
U1NHMP16K,U2NAF0TEV
U9LPTQL4T,U2NAF0TEV
U93GXHPA7,U2NAF0TEV
U0Z2D5GGY,U2NAF0TEV
U93GXHPA7,U0AA4Q8LS
U1JDCJE31,U0AA4Q8LS
U95512YE6,U15CJU8U8
U96N34SLV,U15CJU8U8
U95512YE6,U2NAF0TEV
U15CJU8U8,U2NAF0TEV
U94E0CKC4,U2NAF0TEV
U93GXHPA7,U2NAF0TEV
U15CJU8U8,U2NAF0TEV
U2NAF0TEV,U1NHMP16K
U94E0CKC4,U1NHMP16K
U0AB2JQFK,U1NHMP16K
U9LPTQL4T,U1NHMP16K
U4DBNDVAL,U0AA4Q8LS
U1NHMP16K,U9558TLMQ
U94J27HB3,U93GXHPA7
U9558TLMQ,U2NAF0TEV
U93GXHPA7,U2NAF0TEV
U95HEFZV5,U94J27HB3
U95G5911R,U94J27HB3
U95HEFZV5,U94J27HB3
U96SHJAL9,U15CJU8U8
U966AN0JD,U938Y4H1P
U9NFAUFU0,U938Y4H1P
U0AB2JQFK,U0AA4Q8LS
U93GXHPA7,U0AB2JQFK
U95G5911R,U0AB2JQFK
U94J27HB3,U2NAF0TEV
U94J27HB3,U2NAF0TEV
U1JDCJE31,U938Y4H1P
U9LPTQL4T,U938Y4H1P
U1NHMP16K,U15CJU8U8
U2Q6RKFQR,U15CJU8U8
U96EX75RN,U15CJU8U8
U9LPTQL4T,U93GXHPA7
U93GXHPA7,U2NAF0TEV
U0AB2JQFK,U2NAF0TEV
U96MUUQCW,U2NAF0TEV
U96EX75RN,U2NAF0TEV
U0Z2D5GGY,U938Y4H1P
U2Q6RKFQR,U938Y4H1P
U2GCCCBT7,U938Y4H1P
U966AN0JD,U938Y4H1P
U9NFAUFU0,U938Y4H1P
U95512YE6,U94J27HB3
U93GXHPA7,U15CJU8U8
U4DBNDVAL,U15CJU8U8
U93GXHPA7,U2NAF0TEV
U95G5911R,U2NAF0TEV
U93GXHPA7,U95512YE6
U9LPTQL4T,U95512YE6
U94E0CKC4,U93GXHPA7
U15CJU8U8,U93GXHPA7
U4DBNDVAL,U93GXHPA7
U9NBSUS21,U938Y4H1P
U4JMWGSCW,U93GXHPA7
U96SHJAL9,U96J96UJY
U96MUUQCW,U96J96UJY
U4DBNDVAL,U15CJU8U8
U4JMWGSCW,U15CJU8U8
U95HEFZV5,U15CJU8U8
U2Q6RKFQR,U15CJU8U8
U9558TLMQ,U938Y4H1P
U962U594H,U938Y4H1P
U966AN0JD,U938Y4H1P
U9NFAUFU0,U938Y4H1P
U4DBNDVAL,U2NAF0TEV
U9HTX1LTU,U2NAF0TEV
U95HEFZV5,U4DBNDVAL
U9G050MM1,U966AN0JD
U15CJU8U8,U0Z2D5GGY
U4HSP82UT,U0Z2D5GGY
U96J96UJY,U0Z2D5GGY
U4DBNDVAL,U0Z2D5GGY
U1JDCJE31,U95512YE6
U2Q6RKFQR,U15CJU8U8
U4365G4AU,U94E0CKC4
U96MUUQCW,U94E0CKC4
U4JMWGSCW,U94E0CKC4
U0K8V3V9D,U938Y4H1P
U976MCU0M,U938Y4H1P
U966AN0JD,U938Y4H1P
U94E0CKC4,U93GXHPA7
U15CJU8U8,U93GXHPA7
U2Q6RKFQR,U93GXHPA7
U0AA4Q8LS,U93GXHPA7
U96EX75RN,U2Q6RKFQR
U15CJU8U8,U95512YE6
U9558TLMQ,U93GXHPA7
U15CJU8U8,U93GXHPA7
U94J27HB3,U93GXHPA7
U94E0CKC4,U93GXHPA7
U938Y4H1P,U94J27HB3
U95512YE6,U94J27HB3
U0Z2D5GGY,U15CJU8U8
U0AA4Q8LS,U94J27HB3
U1NHMP16K,U15CJU8U8
U9558TLMQ,U962U594H
U2Q6RKFQR,U94J27HB3
U962U594H,U9558TLMQ
U2KQRJM6V,U93GXHPA7
U4365G4AU,U2NAF0TEV
U4DBNDVAL,U2NAF0TEV
U938Y4H1P,U2NAF0TEV
U0Z2D5GGY,U2NAF0TEV
UB29NHSKH,U938Y4H1P
UH8051QS3,U938Y4H1P
UC7JZG36C,UCC28R0GL
UEGB506PJ,UGMT8LWQ2
UEGB506PJ,UGMT8LWQ2
UEGB506PJ,U0AA4Q8LS
UCC28R0GL,UC7JZG36C
UC7JZG36C,UB8L6ANL9
UCC28R0GL,UB8L6ANL9
UGMT8LWQ2,UBEB4651V
UFR6Y59RT,U94J27HB3
U0Z2D5GGY,U938Y4H1P
U94J27HB3,UFR6Y59RT
UCC28R0GL,UB29NHSKH
UBEB4651V,U0AA4Q8LS
U15CJU8U8,U94E0CKC4
UCC28R0GL,U0AA4Q8LS
U95512YE6,U95G5911R
U94E0CKC4,U95G5911R
U1JDCJE31,U0AA4Q8LS
UAH3NDMEZ,U0Z2D5GGY
U95512YE6,U0AA4Q8LS
U94J27HB3,U0AA4Q8LS
UEGB506PJ,UC7JZG36C
U95G5911R,U95512YE6
U4H8SC4GH,U95512YE6
UB29NHSKH,UC7JZG36C
U1NHMP16K,UC7JZG36C
U9LPTQL4T,UB1ATRBQV
U96J96UJY,U9LPTQL4T
UB1ATRBQV,U9LPTQL4T
U94J27HB3,UBM7N6HGF
UEGB506PJ,U1NHMP16K
U9LPTQL4T,U1NHMP16K
UCC28R0GL,U1NHMP16K
U9LPTQL4T,U95G5911R
U2NAF0TEV,UB1ATRBQV
U0AA4Q8LS,UB1ATRBQV
U95512YE6,U15CJU8U8
U0Z2D5GGY,U966AN0JD
U0Z2D5GGY,U938Y4H1P
U15CJU8U8,U9558TLMQ
UB29NHSKH,UCC28R0GL
UAN783ZJ6,U966AN0JD
U9NFAUFU0,U966AN0JD
UBQ2YM5BR,U966AN0JD
U9NBSUS21,U966AN0JD
U93GXHPA7,UB29NHSKH
UC7JZG36C,UB29NHSKH
U9558TLMQ,UB29NHSKH
UBBE338JE,U938Y4H1P
U0Z2D5GGY,U0AA4Q8LS
U93GXHPA7,U0AA4Q8LS
U2Q6RKFQR,U0AA4Q8LS
U93GXHPA7,U938Y4H1P
U96MUUQCW,U4365G4AU
U15CJU8U8,U938Y4H1P
U96MUUQCW,U938Y4H1P
U4365G4AU,U938Y4H1P
UB1ATRBQV,U0AA4Q8LS
UBM7N6HGF,U94J27HB3
UB8LF3N67,U0Z2D5GGY
UB1ATRBQV,U0AA4Q8LS
U96J96UJY,UA9QGGZU5
U2KQRJM6V,UA9QGGZU5
UABFDCBA4,U93GXHPA7
U0AB2JQFK,U93GXHPA7
UB1ATRBQV,UB29NHSKH
UB8LF3N67,UB1ATRBQV
U0Z2D5GGY,U938Y4H1P
U94J27HB3,U94J27HB3
U966AN0JD,U2NAF0TEV
U2NAF0TEV,U0Z2D5GGY
UC7JZG36C,U93GXHPA7
U0AB2JQFK,U938Y4H1P
U0AB2JQFK,U4365G4AU
U0Z2D5GGY,U938Y4H1P
U0Z2D5GGY,U966AN0JD
U4DBNDVAL,U0Z2D5GGY
U9NFAUFU0,U966AN0JD
U938Y4H1P,U966AN0JD
U0K8V3V9D,U0AA4Q8LS
U966AN0JD,U0Z2D5GGY
U0AB2JQFK,U0Z2D5GGY
U1JDCJE31,U0AA4Q8LS
U2NAF0TEV,U0AA2S8R2
U0AB2JQFK,U0K8V3V9D
U0K8V3V9D,U0AB2JQFK
U1NHMP16K,U0AB2JQFK
U0AA4Q8LS,U0AC1UCDP
U0B22J12A,U2GCU1CEM
U2GCU1CEM,U0B22J12A
U0ABSLTR7,U0AA4Q8LS
U0AAU5QSE,U0B22J12A
U0AAU5QSE,U0K8V3V9D
